name,latitude,longitude
Улица Лебедева,51.626856,39.231409
Кольцо,51.622467,39.261061
Улица Красный Октябрь,51.630441,39.261713
Грузовой Двор,51.641065,39.265705
Улица Волгоградская,51.652247,39.270917
Воронежстальмост,51.652295,39.270996
Кольцо Димитрова,51.650114,39.300352
ДК имени Кирова,51.633182,39.23156
Институт Гипрокаучук,51.639193,39.235327
Нижняя улица,51.648541,39.240496
Музей Диорама,51.659272,39.245684
Улица Брусилова,51.664451,39.251031
Брусилова 2,51.661664,39.264999
Усманский переулок,51.665246,39.269228
Улица Димитрова,51.671641,39.255077
Кольцо Остужева,51.677922,39.301275
Тобольская улица,51.675125,39.272876
Кольцо Остужева 2,51.68228,39.278304
Минская улица,51.680138,39.260818
Улица Остужева,51.686043,39.261807
ТЦ Максимир,51.69739,39.271918
Улица Рокоссовского,51.703946,39.275497
Кооператив Рубин,51.702502,39.28316
Выборгская улица,51.636745,39.209328
Улица Некрасова,51.646277,39.197895
Строительный институт,51.652433,39.191501
Улица Кирова,51.656315,39.188145
Механический завод,51.653271,39.172023
Улица Космонавтов,51.65108,39.163496
Улица Кривошеина,51.644409,39.15385
улица Матросова,51.636214,39.171902
Улица Грамши,51.635081,39.188855
улица Моисеева,51.647915,39.170786
Улица Чапаева,51.645856,39.184466
Южно-Моравская улица,51.655455,39.138236
Дорожная улица,51.660686,39.131622
Общежитие,51.682454,39.123056
Улица Машиностроителей,51.672098,39.155665
ДК Машиностроителей,51.669271,39.165625
улица 9 Января,51.667769,39.170796
База,51.663708,39.160027
улица Космонавтов 2,51.664047,39.150288
Пеше-Стрелецкая улица,51.660368,39.151226
Улица Домостроителей,51.658151,39.145339
улица Платонова,51.659952,39.196599
ВГУ,51.657714,39.204967
Плехановская улица,51.661722,39.200247
Луч,51.663221,39.188398
Кольцовская улица,51.669201,39.190854
Вокзал Воронеж-2,51.671469,39.178097
Площадь Застава,51.673379,39.186227
Кинотеатр Спартак,51.662033,39.20327
проспект Труда,51.675961,39.169817
проспект Труда (остановка),51.681301,39.181058
Стоматологическая поликлиника № 6,51.684107,39.195832
Улица Комиссаржевской,51.671708,39.197883
Вокзал Воронеж-1,51.678648,39.20527
Улица Коммунаров,51.678699,39.213641
Фабрика Работница,51.683393,39.215447
Транспортная улица,51.683368,39.212992
Улица Урицкого,51.682883,39.206255
Театр кукол,51.666605,39.206173
Первомайский сад,51.674923,39.211918
Чернавский мост,51.669514,39.219633
Педагогический университет,51.687295,39.217956
Транспортная улица 2,51.688995,39.209707
Стадион Динамо,51.692004,39.224813
Транспортная улица 3,51.692984,39.208714
улица Бурденко,51.693603,39.217924
улица Ломоносова,51.694983,39.228153
Берёзовая роща,51.69882,39.231593
улица Крынина,51.705549,39.227215
Улица Морозова,51.721615,39.218021
Улица Морозова 2,51.723592,39.22083
Областная детская больница № 1,51.726324,39.212029
ОЦ Содружество,51.726499,39.187687
жилой массив Олимпийский,51.712771,39.194812
Московский проспект,51.726092,39.179822
Московский проспект 2,51.713025,39.180359
"А-134, 13-й километр",51.735581,39.180472
Улица 1-го Мая,51.725155,39.158547
улица Антонова-Овсеенко,51.713853,39.141909
улица Генерала Лизюкова,51.709497,39.138786
Авторынок,51.70267,39.134925
Улица 45-й Стрелковой Дивизии,51.692372,39.126031
Детский сад № 187,51.693769,39.147471
Улица Верещагина,51.694467,39.167132
Улица 45-й Стрелковой Дивизии 2,51.695933,39.18258
Рабочий проспект,51.689475,39.183422
Областная детская больница № 2,51.695875,39.197279
улица Шишкова,51.703517,39.195818
Памятник Славы,51.701127,39.182354
Улица Хользунова,51.702509,39.176424
Улица Генерала Лизюкова,51.706807,39.173706
Улица Маршала Жукова,51.71264,39.174077
Улица 60-й Армии,51.712333,39.162958
Музей ВДВ,51.706193,39.162711
Улица 60-й Армии 2,51.702048,39.162217
Улица Владимира Невского,51.701874,39.147982
Универсам Молодёжный,51.70575,39.149595
Бульвар Победы,51.711162,39.151638
