point_a_name,point_b_name,distance_km
Улица Лебедева,Кольцо,2.57
Улица Лебедева,ДК имени Кирова,0.84
ДК имени Кирова,Институт Гипрокаучук,0.77
Институт Гипрокаучук,Нижняя улица,1.2
Нижняя улица,Музей Диорама,1.31
Музей Диорама,Улица Брусилова,0.7
Улица Брусилова,Улица Димитрова,1.49
Улица Брусилова,Брусилова 2,1.06
Брусилова 2,Усманский переулок,0.59
Усманский переулок,Улица Димитрова,1.13
Кольцо,Улица Красный Октябрь,1.06
Улица Красный Октябрь,Грузовой Двор,1.29
Грузовой Двор,Воронежстальмост,2.23
Воронежстальмост,Улица Волгоградская,1.07
Улица Волгоградская,Усманский переулок,0.75
Кольцо,Кольцо Димитрова,6.1
Кольцо Димитрова,Улица Волгоградская,2.92
Улица Димитрова,Минская улица,1.26
Минская улица,Улица Остужева,0.66
Улица Остужева,ТЦ Максимир,1.49
ТЦ Максимир,Улица Рокоссовского,0.74
Улица Рокоссовского,Кооператив Рубин,0.64
Усманский переулок,Тобольская улица,1.46
Тобольская улица,Кольцо Остужева 2,2.25
Кольцо Остужева 2,Улица Остужева,0.99
Кольцо Остужева,Кооператив Рубин,3.1
Кольцо Остужева 2,Кольцо Остужева,3.0
Кольцо Остужева,Кольцо Димитрова,3.5
Выборгская улица,Улица Грамши,2.7
Улица Грамши,улица Матросова,1.52
улица Матросова,Улица Кривошеина,2.49
Улица Кривошеина,Южно-Моравская улица,3.5
Южно-Моравская улица,Дорожная улица,0.92
Дорожная улица,Общежитие,4.1
Общежитие,Улица 45-й Стрелковой Дивизии,4.7
Улица 45-й Стрелковой Дивизии,Авторынок,1.53
Авторынок,Улица 45-й Стрелковой Дивизии,0.99
Улица 45-й Стрелковой Дивизии,улица Антонова-Овсеенко,0.5
улица Антонова-Овсеенко,Улица 1-го Мая,1.7
Улица 1-го Мая,"А-134, 13-й километр",2.08
"А-134, 13-й километр",Московский проспект,2.11
Московский проспект,ОЦ Содружество,0.54
ОЦ Содружество,Областная детская больница № 1,1.75
Областная детская больница № 1,Улица Морозова 2,0.67
Улица Морозова 2,Берёзовая роща,2.94
Берёзовая роща,улица Ломоносова,0.54
улица Ломоносова,Чернавский мост,4.2
Чернавский мост,Выборгская улица,3.7
Выборгская улица,Улица Некрасова,1.31
Улица Некрасова,Строительный институт,0.9
Строительный институт,Улица Кирова,0.55
Улица Кирова,Механический завод,1.38
Механический завод,Улица Космонавтов,0.9
Улица Космонавтов,Улица Кривошеина,1.25
Улица Кирова,улица Моисеева,1.54
улица Моисеева,Улица Космонавтов,0.79
улица Моисеева,Улица Чапаева,1.37
Улица Чапаева,Улица Кирова,1.9
Улица Чапаева,улица Матросова,1.41
Улица Чапаева,Улица Грамши,2.08
Улица Космонавтов,Пеше-Стрелецкая улица,1.84
Пеше-Стрелецкая улица,Улица Домостроителей,0.61
Улица Домостроителей,Южно-Моравская улица,0.59
Дорожная улица,улица Космонавтов 2,1.4
улица Космонавтов 2,Пеше-Стрелецкая улица,0.65
Пеше-Стрелецкая улица,База,0.63
База,улица Космонавтов 2,0.67
улица Космонавтов 2,Улица Машиностроителей,1.07
Общежитие,Улица Машиностроителей,2.47
Улица Машиностроителей,ДК Машиностроителей,0.85
ДК Машиностроителей,улица 9 Января,0.47
улица 9 Января,База,1.0
улица 9 Января,Луч,1.72
Луч,Улица Кирова,1.0
Улица Кирова,улица Платонова,0.89
улица Платонова,Луч,0.76
улица Платонова,ВГУ,0.81
ВГУ,Плехановская улица,0.58
улица Платонова,Плехановская улица,0.35
Плехановская улица,Кинотеатр Спартак,0.38
Кинотеатр Спартак,Театр кукол,1.47
Театр кукол,Первомайский сад,2.37
Первомайский сад,Чернавский мост,2.0
Первомайский сад,Улица Коммунаров,0.41
Улица Коммунаров,Фабрика Работница,0.54
Фабрика Работница,Педагогический университет,0.45
Педагогический университет,Стадион Динамо,0.88
Педагогический университет,улица Ломоносова,0.36
Луч,Кольцовская улица,0.74
Кольцовская улица,Плехановская улица,1.04
Кольцовская улица,Улица Комиссаржевской,0.76
Улица Комиссаржевской,Вокзал Воронеж-1,0.88
Вокзал Воронеж-1,Улица Коммунаров,0.69
улица 9 Января,Вокзал Воронеж-2,0.62
Вокзал Воронеж-2,Площадь Застава,0.67
Кольцовская улица,Площадь Застава,0.56
ДК Машиностроителей,проспект Труда,1.22
проспект Труда,проспект Труда (остановка),1.0
проспект Труда (остановка),Площадь Застава,1.29
проспект Труда (остановка),Стоматологическая поликлиника № 6,1.02
Стоматологическая поликлиника № 6,Улица Урицкого,0.76
Улица Урицкого,Транспортная улица,0.5
Транспортная улица,Фабрика Работница,0.22
Улица 45-й Стрелковой Дивизии,Детский сад № 187,1.55
Детский сад № 187,Улица Верещагина,1.84
Улица Верещагина,проспект Труда,3.9
Улица Верещагина,Улица 45-й Стрелковой Дивизии 2,1.18
Улица 45-й Стрелковой Дивизии 2,Рабочий проспект,0.76
Рабочий проспект,проспект Труда (остановка),1.7
Рабочий проспект,Транспортная улица 2,2.5
Транспортная улица 2,Транспортная улица,0.65
Транспортная улица 2,Педагогический университет,0.6
Транспортная улица 2,Транспортная улица 3,0.74
Транспортная улица 3,улица Бурденко,0.89
улица Бурденко,улица Ломоносова,0.77
Улица 45-й Стрелковой Дивизии 2,Областная детская больница № 2,1.14
Областная детская больница № 2,Транспортная улица 3,1.23
Берёзовая роща,улица Крынина,0.89
улица Крынина,Улица Морозова,2.1
Улица Морозова,Областная детская больница № 1,0.73
улица Крынина,жилой массив Олимпийский,2.89
жилой массив Олимпийский,ОЦ Содружество,1.91
жилой массив Олимпийский,улица Шишкова,1.01
улица Шишкова,Областная детская больница № 2,0.92
жилой массив Олимпийский,Московский проспект 2,1.1
Московский проспект 2,Московский проспект,1.51
Улица 1-го Мая,Улица 60-й Армии,1.63
Улица 45-й Стрелковой Дивизии,Памятник Славы,0.65
Памятник Славы,улица Шишкова,1.27
Памятник Славы,Московский проспект 2,1.33
Памятник Славы,Улица Хользунова,0.46
Улица Хользунова,Улица Генерала Лизюкова,0.65
Улица Генерала Лизюкова,Улица Маршала Жукова,0.74
Улица Маршала Жукова,Московский проспект 2,0.42
Улица Маршала Жукова,Улица 60-й Армии,0.69
Улица Генерала Лизюкова,Музей ВДВ,0.75
Улица 60-й Армии,Музей ВДВ,1.07
Улица 60-й Армии 2,Улица Хользунова,1.05
Улица 60-й Армии 2,Музей ВДВ,0.68
Улица 60-й Армии,Бульвар Победы,1.02
Бульвар Победы,Универсам Молодёжный,0.73
Универсам Молодёжный,Музей ВДВ,1.27
Универсам Молодёжный,Улица Владимира Невского,0.42
Улица Владимира Невского,Улица 60-й Армии 2,1.14
улица Антонова-Овсеенко,Бульвар Победы,1.45
Улица Генерала Лизюкова,Универсам Молодёжный,1.06
Авторынок,Улица Владимира Невского,1.15
Улица Владимира Невского,Детский сад № 187,1.22
ДК имени Кирова,Выборгская улица,1.55
Улица Брусилова,Чернавский мост,2.19
Улица Остужева,улица Ломоносова,3.3
